Name,RA,DEC,HostName,Obj. Type
SN2020ywf,348.44043726600006,14.918973126,,
