Name,RA,DEC,HostName,Obj. Type
SN2022I,153.9748731,-2.6935203305599993,,
