Name,RA,DEC,HostName,Obj. Type
SN2024fid,186.07860812799996,10.446222309333331,,
