Name,RA,DEC,HostName,Obj. Type
SN2004dt,30.553207999999994,-0.09763900000000002,,
