Name,RA,DEC,HostName,Obj. Type
SN2021fco,159.973958,21.844489000000006,,
