Name,RA,DEC,HostName,Obj. Type
SN2021bkw,215.30672592600007,20.714997117600003,,
