Name,RA,DEC,HostName,Obj. Type
SN2021hwk,214.76132256899996,-7.390585087870001,,
