Name,RA,DEC,HostName,Obj. Type
SN2021kkz,248.98476898199996,18.082822263899995,,
