Name,RA,DEC,HostName,Obj. Type
SN2022kbc,181.19546248188408,9.438255587761676,,
