Name,RA,DEC,HostName,Obj. Type
SN2020oil,268.60495799999995,15.618010999999997,,
