Name,RA,DEC,HostName,Obj. Type
SN2024lhg,329.586065144,-9.80725646977,,
