Name,RA,DEC,HostName,Obj. Type
SN2005hj,21.701124999999998,-1.2379999999999998,,
