Name,RA,DEC,HostName,Obj. Type
SN2020obe,24.191333,-11.734250000000001,,
