Name,RA,DEC,HostName,Obj. Type
SN2024aewc,175.703651429,9.90017285714,,
