Name,RA,DEC,HostName,Obj. Type
SN2005ke,53.76812499999999,-24.94411099999999,,
