Name,RA,DEC,HostName,Obj. Type
SN2021bto,243.36266830000008,23.337555650000002,,
