Name,RA,DEC,HostName,Obj. Type
SN2019ftg,193.23804619166998,-13.036813233332994,,
