Name,RA,DEC,HostName,Obj. Type
SN2019ecs,160.88537500000004,48.44563900000001,,
