Name,RA,DEC,HostName,Obj. Type
SN2022yvv,40.4292162,-22.814249099999998,,
