Name,RA,DEC,HostName,Obj. Type
SN2020xtz,272.9628749999999,14.982449999999996,,
