Name,RA,DEC,HostName,Obj. Type
SN2006gt,14.072082999999996,-1.6294440000000001,,
