Name,RA,DEC,HostName,Obj. Type
SN2021fnr,219.507878335,10.1840233052,,
