Name,RA,DEC,HostName,Obj. Type
SN2020mnw,224.08781152799997,9.33607126839,,
