Name,RA,DEC,HostName,Obj. Type
SN2019bgs,240.84216699999988,27.498469000000004,,
