Name,RA,DEC,HostName,Obj. Type
SN2008fp,109.13583300000003,-29.325500000000005,,
