Name,RA,DEC,HostName,Obj. Type
SN2022eat,167.879066032,19.827278689600004,,
