Name,RA,DEC,HostName,Obj. Type
SN2009al,162.84195800000003,8.578528000000002,,
