Name,RA,DEC,HostName,Obj. Type
SN2021zqc,278.10891699999996,51.56878099999999,,
