Name,RA,DEC,HostName,Obj. Type
SN2021jwl,233.89276104000004,5.392227933070001,,
