Name,RA,DEC,HostName,Obj. Type
SN2021lsr,194.77490734167003,-25.376379908333003,,
