Name,RA,DEC,HostName,Obj. Type
SN2020ocv,266.65385157599997,20.504724955400004,,
