Name,RA,DEC,HostName,Obj. Type
SN2024qnk,6.52353870148,16.1563515473,,
