Name,RA,DEC,HostName,Obj. Type
SN2024zxt,37.3499983333,-33.1401066667,,
