Name,RA,DEC,HostName,Obj. Type
SN2022rhc,231.2511709999999,34.221717000000005,,
