Name,RA,DEC,HostName,Obj. Type
SN2020vnq,26.94648823333301,42.004506133333,,
