Name,RA,DEC,HostName,Obj. Type
SN2009cz,138.750083,29.735306000000005,,
