Name,RA,DEC,HostName,Obj. Type
SN2019weu,351.1382920000001,5.110931,,
