Name,RA,DEC,HostName,Obj. Type
SN2021aaqc,297.8095727,-7.096439199999998,,
