Name,RA,DEC,HostName,Obj. Type
SN2020xsl,32.63591400000001,-11.813245999999996,,
