Name,RA,DEC,HostName,Obj. Type
SN2021aalx,9.28480052389,25.693746992300007,,
