Name,RA,DEC,HostName,Obj. Type
SN2007N,192.255208,-9.452833000000002,,
