Name,RA,DEC,HostName,Obj. Type
SN2019bsp,141.36175,58.314200000000014,,
