Name,RA,DEC,HostName,Obj. Type
SN2022zwa,117.9025073,27.380435400000003,,
