Name,RA,DEC,HostName,Obj. Type
SN2020kqv,312.26250399999986,-31.731071999999998,,
