Name,RA,DEC,HostName,Obj. Type
SN2023acdv,203.188041625817,-13.047169458061008,,
