Name,RA,DEC,HostName,Obj. Type
SN2020ndv,347.408741833,12.830001891300002,,
