Name,RA,DEC,HostName,Obj. Type
SN2024aeyv,116.978968571,-48.1512014286,,
