Name,RA,DEC,HostName,Obj. Type
SN2020vav,278.5404682970001,25.785862384800005,,
