Name,RA,DEC,HostName,Obj. Type
SN2019xfx,36.054916999999996,-10.504261,,
