Name,RA,DEC,HostName,Obj. Type
SN2021bls,250.83637079999968,61.594866800000034,,
