Name,RA,DEC,HostName,Obj. Type
SN2018ame,227.3563314285712,25.471543809523777,,
