Name,RA,DEC,HostName,Obj. Type
SN2019noh,346.419824551167,27.665980505685262,,
