Name,RA,DEC,HostName,Obj. Type
SN2023gxf,257.2254184000001,19.1723339,,
