Name,RA,DEC,HostName,Obj. Type
SN2021btm,236.63324999999992,22.537439000000006,,
