Name,RA,DEC,HostName,Obj. Type
SN2019fzt,168.86130145454996,25.958940881818005,,
