Name,RA,DEC,HostName,Obj. Type
SN2023sps,356.06337500000006,-23.52913888888889,,
