Name,RA,DEC,HostName,Obj. Type
SN2020uyg,93.82966699999999,-29.319260999999997,,
