Name,RA,DEC,HostName,Obj. Type
SN2019vpz,19.639125000000003,-0.22823899999999994,,
