Name,RA,DEC,HostName,Obj. Type
SN2020uye,24.3304499277,4.801946996239997,,
