Name,RA,DEC,HostName,Obj. Type
SN2022mzs,205.64786110000003,30.190925266666675,,
