Name,RA,DEC,HostName,Obj. Type
SN2008fu,45.61874999999996,-24.455972000000013,,
