Name,RA,DEC,HostName,Obj. Type
SN2021abpg,274.174042,15.297450000000001,,
