Name,RA,DEC,HostName,Obj. Type
SN2023epj,194.97382857100004,26.819447142900003,,
