Name,RA,DEC,HostName,Obj. Type
SN2024xqc,5.40415316183,-4.21814874691,,
