Name,RA,DEC,HostName,Obj. Type
SN2020wap,13.465514874000007,-18.310886052299995,,
