Name,RA,DEC,HostName,Obj. Type
SN2020mnv,250.18262499999997,40.414481,,
