Name,RA,DEC,HostName,Obj. Type
SN2019oml,45.084494991700005,18.7436121626,,
