Name,RA,DEC,HostName,Obj. Type
SN2012dt,14.162,-9.90253,,
SN1998bn,187.32867,-23.16367,,
SN1957B,186.26125,12.899444,,
