Name,RA,DEC,HostName,Obj. Type
SN2024abla,57.5789457143,-47.7827657143,,
