Name,RA,DEC,HostName,Obj. Type
SN2020dhj,223.37659251999992,17.289139645700004,,
