Name,RA,DEC,HostName,Obj. Type
SN2020sme,41.08675,14.921299999999999,,
