Name,RA,DEC,HostName,Obj. Type
SN2020zj,240.33491700000002,16.677719,,
