Name,RA,DEC,HostName,Obj. Type
SN2005ag,224.18187500000002,9.328472000000001,,
