Name,RA,DEC,HostName,Obj. Type
SN2021gel,186.63453011006243,31.428389576393943,,
