Name,RA,DEC,HostName,Obj. Type
SN2024pmk,34.7127106772,-19.7114068321,,
