Name,RA,DEC,HostName,Obj. Type
SN2023eyt,220.41406180000007,36.651076100000004,,
