Name,RA,DEC,HostName,Obj. Type
SN2025W,64.0057242857,-33.3653328571,,
