Name,RA,DEC,HostName,Obj. Type
SN2008O,104.39358299999995,-45.81230599999998,,
