Name,RA,DEC,HostName,Obj. Type
SN2019opx,28.161899520599995,-6.356123921140001,,
