Name,RA,DEC,HostName,Obj. Type
SN2005bl,181.05108300000003,20.406889000000003,,
