Name,RA,DEC,HostName,Obj. Type
SN2018baz,246.05579166666703,25.2720555555556,,
