Name,RA,DEC,HostName,Obj. Type
SN2020kui,200.36380470700007,48.441108682,,
