Name,RA,DEC,HostName,Obj. Type
SN2019blm,129.83411829999997,17.1880463,,
