Name,RA,DEC,HostName,Obj. Type
SN2021zsz,92.63880406454247,-14.538880541938994,,
