Name,RA,DEC,HostName,Obj. Type
SN2021pom,184.5078091020115,-20.857609102011494,,
