Name,RA,DEC,HostName,Obj. Type
SN2019bus,217.35710865900003,16.682060044299995,,
