Name,RA,DEC,HostName,Obj. Type
SN2025J,42.2692734626,-22.233606028,,
