Name,RA,DEC,HostName,Obj. Type
SN2020jhf,198.72266700000003,27.008638999999995,,
