Name,RA,DEC,HostName,Obj. Type
SN2021xgx,253.789292,26.663631000000002,,
