Name,RA,DEC,HostName,Obj. Type
SN2019xbg,158.28471846667,-22.189265799999998,,
