Name,RA,DEC,HostName,Obj. Type
SN2019ihl,335.54732050000007,-4.006762400000001,,
