Name,RA,DEC,HostName,Obj. Type
SN2021zqs,45.880016666666656,27.68220833333333,,
