Name,RA,DEC,HostName,Obj. Type
SN2024ana,194.594076974,27.9661508388,,
