Name,RA,DEC,HostName,Obj. Type
SN2025fj,114.049807852,38.8022101168,,
