Name,RA,DEC,HostName,Obj. Type
SN2022mto,344.9198441,-9.557991099999999,,
