Name,RA,DEC,HostName,Obj. Type
SN2025eh,137.913346641,38.6731107256,,
