Name,RA,DEC,HostName,Obj. Type
SN2020ysq,345.9128820380001,-8.036961789450002,,
