Name,RA,DEC,HostName,Obj. Type
SN2024acoe,81.1999764706,17.9608052941,,
