Name,RA,DEC,HostName,Obj. Type
SN2016eqa,50.13092000000001,41.51136,,
