Name,RA,DEC,HostName,Obj. Type
SN2018lph,250.9022416666671,33.53359999999999,,
