Name,RA,DEC,HostName,Obj. Type
SN2021adu,92.22516699999997,-39.693589,,
