Name,RA,DEC,HostName,Obj. Type
SN2019dyo,135.278636862,52.651037897399995,,
