Name,RA,DEC,HostName,Obj. Type
SN2019ahi,207.902495092,-8.840079727870004,,
