Name,RA,DEC,HostName,Obj. Type
SN2016brv,181.31033000000002,10.615390000000003,,
