Name,RA,DEC,HostName,Obj. Type
SN2021itd,221.21283300000005,43.31676900000001,,
