Name,RA,DEC,HostName,Obj. Type
SN2023fot,185.4481628681729,10.59142711740965,,
