Name,RA,DEC,HostName,Obj. Type
SN2022uax,300.66380714299993,-37.97019,,
