Name,RA,DEC,HostName,Obj. Type
SN2018ast,175.28316666666703,24.8196111111111,,
