Name,RA,DEC,HostName,Obj. Type
SN2022xnq,1.16236198076,-8.09993150452,,
