Name,RA,DEC,HostName,Obj. Type
SN2022zsp,76.40699718957347,32.519073332701424,,
