Name,RA,DEC,HostName,Obj. Type
SN2021zfq,298.19425,50.54665000000001,,
