Name,RA,DEC,HostName,Obj. Type
SN2020xpk,24.431627033333,-22.704277766666998,,
