Name,RA,DEC,HostName,Obj. Type
SN2022xnq,1.1623624739583331,-8.099930549768521,,
