Name,RA,DEC,HostName,Obj. Type
SN2020ubl,85.82466700000005,58.084880999999996,,
