Name,RA,DEC,HostName,Obj. Type
SN2021gba,219.26618281899994,-8.07644043888,,
