Name,RA,DEC,HostName,Obj. Type
SN2019ard,130.90159520000003,47.2535595,,
