Name,RA,DEC,HostName,Obj. Type
SN2020yo,46.527138491,13.9134910628,,
