Name,RA,DEC,HostName,Obj. Type
SN2022edq,197.94769887800007,17.460805054199994,,
