Name,RA,DEC,HostName,Obj. Type
SN2020svo,40.6334713728,-0.9631402413949999,,
