Name,RA,DEC,HostName,Obj. Type
SN2020bqz,234.76485743999993,31.19842962000001,,
