Name,RA,DEC,HostName,Obj. Type
SN2024vcj,41.39687,-17.689719999999998,,
