Name,RA,DEC,HostName,Obj. Type
SN2008cc,315.87341699999996,-67.18363899999997,,
