Name,RA,DEC,HostName,Obj. Type
SN2020qqn,356.320996628,21.3588386509,,
