Name,RA,DEC,HostName,Obj. Type
SN2022nbn,332.85570920000004,-16.6100781,,
