Name,RA,DEC,HostName,Obj. Type
SN2020bdx,105.29489695999999,36.05989221999999,,
