Name,RA,DEC,HostName,Obj. Type
SN2019igg,229.81083809999993,7.866461599999999,,
