Name,RA,DEC,HostName,Obj. Type
SN2017lv,176.11071253,-28.4574660702,,
