Name,RA,DEC,HostName,Obj. Type
SN2019hzd,229.30958299999998,-25.197311,,
