Name,RA,DEC,HostName,Obj. Type
SN2020mvp,218.94391700000003,24.726230999999995,,
