Name,RA,DEC,HostName,Obj. Type
SN2007af,215.58762500000006,-0.39377800000000013,,
