Name,RA,DEC,HostName,Obj. Type
SN2022rcj,5.771310299999999,29.274051699999994,,
