Name,RA,DEC,HostName,Obj. Type
SN2021khn,195.799262855,-6.6631930874000025,,
