Name,RA,DEC,HostName,Obj. Type
SN2020xcz,288.91945639999994,55.6646826,,
