Name,RA,DEC,HostName,Obj. Type
SN2021klg,139.59963285000003,39.38095897499999,,
