Name,RA,DEC,HostName,Obj. Type
SN2024rkh,39.67487000000001,-7.284329999999997,,
