Name,RA,DEC,HostName,Obj. Type
SN2020clq,68.35654200000002,-4.265830999999999,,
