Name,RA,DEC,HostName,Obj. Type
SN2019exc,296.989933846,3.94511076923,,
