Name,RA,DEC,HostName,Obj. Type
SN2021afur,155.55415833333336,17.861224999999994,,
