Name,RA,DEC,HostName,Obj. Type
SN2021fwm,159.325719164,-5.16063578669,,
