Name,RA,DEC,HostName,Obj. Type
SN2020tap,341.055804123,-18.178278696799996,,
