Name,RA,DEC,HostName,Obj. Type
SN2019ktf,353.12455351100004,-29.560313330200007,,
