Name,RA,DEC,HostName,Obj. Type
SN2019odb,247.472714286,37.58399285709999,,
