Name,RA,DEC,HostName,Obj. Type
SN2021bmu,19.5190132576,14.5536756664,,
