Name,RA,DEC,HostName,Obj. Type
SN2020uek,13.478804634099994,-31.093554634099988,,
