Name,RA,DEC,HostName,Obj. Type
SN2021bjb,210.91799285699992,-34.18390285709999,,
