Name,RA,DEC,HostName,Obj. Type
SN2021dgm,237.57141719499998,8.359373961130002,,
