Name,RA,DEC,HostName,Obj. Type
SN2020lil,219.49858300000002,9.388539,,
