Name,RA,DEC,HostName,Obj. Type
SN2019mrw,355.32008299999995,25.550018999999995,,
