Name,RA,DEC,HostName,Obj. Type
SN2024xos,17.9849648913,50.265356605,,
