Name,RA,DEC,HostName,Obj. Type
SN2020zjn,77.03655792222199,10.383789366667001,,
