Name,RA,DEC,HostName,Obj. Type
SN2021irx,206.90989135900006,15.521304069799996,,
