Name,RA,DEC,HostName,Obj. Type
SN2019ecx,139.175128425,18.96503017500001,,
