Name,RA,DEC,HostName,Obj. Type
SN2025dr,16.692011145455,75.603363690909,,
