Name,RA,DEC,HostName,Obj. Type
SN2021dit,217.84169292200002,55.76324806829998,,
