Name,RA,DEC,HostName,Obj. Type
SN2019ibd,325.44252985,7.20265770321,,
