Name,RA,DEC,HostName,Obj. Type
SN2021fck,130.344511289,2.8898234071099993,,
