Name,RA,DEC,HostName,Obj. Type
SN2008fr,17.954750000000004,14.640832999999997,,
