Name,RA,DEC,HostName,Obj. Type
SN2021ads,203.78142888899998,-33.48313555559999,,
