Name,RA,DEC,HostName,Obj. Type
SN2020smn,271.97336334400006,30.57164066589999,,
