Name,RA,DEC,HostName,Obj. Type
SN2020yjf,145.648417,-3.4901810000000006,,
