Name,RA,DEC,HostName,Obj. Type
SN2016brx,342.64179166666696,-1.5423611111111097,,
