Name,RA,DEC,HostName,Obj. Type
SN2022P,121.19407744499996,-3.5871914783599994,,
