Name,RA,DEC,HostName,Obj. Type
SN2024wdg,71.31995046586827,8.554242506886226,,
