Name,RA,DEC,HostName,Obj. Type
SN2022tiv,320.98932562499994,-22.735493749999993,,
