Name,RA,DEC,HostName,Obj. Type
SN2022vwf,290.95861783333334,44.26398543333334,,
