Name,RA,DEC,HostName,Obj. Type
SN2021igt,191.25050259,21.1417000006,,
