Name,RA,DEC,HostName,Obj. Type
SN2022ywc,50.55051000000001,-42.88467000000001,,
