Name,RA,DEC,HostName,Obj. Type
SN2021bmi,184.1725830979999,41.07836255769998,,
