Name,RA,DEC,HostName,Obj. Type
SN2022yv,170.428068906,34.3583306389,,
