Name,RA,DEC,HostName,Obj. Type
SN2021lnf,144.50762500000002,-16.85871900000001,,
