Name,RA,DEC,HostName,Obj. Type
SN2020buy,196.04361992799994,-4.534436209159999,,
