Name,RA,DEC,HostName,Obj. Type
SN2019iev,310.397838,-20.956795999999997,,
