Name,RA,DEC,HostName,Obj. Type
SN2020uwr,359.2646394970001,17.904025091200005,,
