Name,RA,DEC,HostName,Obj. Type
SN2021abzd,10.8995371015,30.5923216054,,
