Name,RA,DEC,HostName,Obj. Type
SN2021xzl,346.038713847,-6.42054060334,,
