Name,RA,DEC,HostName,Obj. Type
SN2021ijy,258.48730272999995,39.09879603000001,,
