Name,RA,DEC,HostName,Obj. Type
SN2007ca,202.77420799999993,-15.101832999999997,,
