Name,RA,DEC,HostName,Obj. Type
SN2020aai,152.99126288899998,-1.9516950523900003,,
