Name,RA,DEC,HostName,Obj. Type
SN2021msv,195.09912456000004,-11.96550124,,
