Name,RA,DEC,HostName,Obj. Type
SN2019bbd,189.52669250000002,8.046203800000004,,
