Name,RA,DEC,HostName,Obj. Type
SN2020tfc,334.253350124,30.655852166899994,,
