Name,RA,DEC,HostName,Obj. Type
SN2021ble,174.76495800000004,-9.410319000000001,,
