Name,RA,DEC,HostName,Obj. Type
SN2020jwl,274.6636644999999,19.189908949999996,,
