Name,RA,DEC,HostName,Obj. Type
SN2009I,41.293333000000004,-4.713721999999999,,
