Name,RA,DEC,HostName,Obj. Type
SN2020eci,230.812067754,0.06494056648940001,,
