Name,RA,DEC,HostName,Obj. Type
SN2007al,149.82699999999997,-19.473833000000006,,
