Name,RA,DEC,HostName,Obj. Type
SN2021abht,115.75287499999997,31.386389,,
