Name,RA,DEC,HostName,Obj. Type
SN2020jee,175.56125000000003,20.097519,,
