Name,RA,DEC,HostName,Obj. Type
SN2021min,222.24024999999997,18.326688999999995,,
