Name,RA,DEC,HostName,Obj. Type
SN2024wuj,39.5849524641,4.7231695793,,
