Name,RA,DEC,HostName,Obj. Type
SN2020yef,37.89294703333301,-14.151611533333,,
