Name,RA,DEC,HostName,Obj. Type
SN2025xj,175.538503496,-18.6846264057,,
