Name,RA,DEC,HostName,Obj. Type
SN2021vio,263.5254461,8.512882399999997,,
