Name,RA,DEC,HostName,Obj. Type
SN2021hji,252.17138061800003,21.9971688313,,
