Name,RA,DEC,HostName,Obj. Type
SN2020krw,225.691288175,58.53480858750001,,
