Name,RA,DEC,HostName,Obj. Type
SN2021glz,246.21691151000002,45.18093406820001,,
