Name,RA,DEC,HostName,Obj. Type
SN2020bpz,175.244021829,-11.449290088499998,,
