Name,RA,DEC,HostName,Obj. Type
SN2020abpe,24.102333321385863,22.049802767821603,,
