Name,RA,DEC,HostName,Obj. Type
SN2022rng,358.642304,-25.094517499999995,,
