Name,RA,DEC,HostName,Obj. Type
SN2020xyh,22.7017241559,34.8020302987,,
