Name,RA,DEC,HostName,Obj. Type
SN2024afpo,226.12135656667,21.429724244444,,
