Name,RA,DEC,HostName,Obj. Type
SN2008ar,186.15799999999993,10.838167,,
