Name,RA,DEC,HostName,Obj. Type
SN2020yxd,32.3069805428,33.043914403100004,,
