Name,RA,DEC,HostName,Obj. Type
SN2024zue,110.87904463333,59.431523644444,,
