Name,RA,DEC,HostName,Obj. Type
SN2022aapl,38.66898272729999,-26.229563636400005,,
