Name,RA,DEC,HostName,Obj. Type
SN2006py,340.42520800000005,-0.13691700000000004,,
