Name,RA,DEC,HostName,Obj. Type
SN2020ust,24.742276549999996,48.88053775000003,,
