Name,RA,DEC,HostName,Obj. Type
SN2022sjf,319.2902443,6.5975454000000004,,
