Name,RA,DEC,HostName,Obj. Type
SN2019eow,258.49663828099995,3.49240579181,,
