Name,RA,DEC,HostName,Obj. Type
SN2022mq,183.63716700000006,-3.6332689999999985,,
