Name,RA,DEC,HostName,Obj. Type
SN2021jje,243.7313993319999,-1.67732217002,,
