Name,RA,DEC,HostName,Obj. Type
SN2021cad,163.939435078,24.027656649,,
