Name,RA,DEC,HostName,Obj. Type
SN2021lny,205.26646278000004,-25.60259172,,
