Name,RA,DEC,HostName,Obj. Type
SN2008hj,1.0079580000000004,-11.168750000000001,,
