Name,RA,DEC,HostName,Obj. Type
SN2005kc,338.53058299999987,5.568416999999997,,
