Name,RA,DEC,HostName,Obj. Type
SN2020lkq,200.099125,45.26116100000001,,
