Name,RA,DEC,HostName,Obj. Type
SN2020mbf,305.886333,19.711099999999995,,
