Name,RA,DEC,HostName,Obj. Type
SN2006kf,55.460333,8.156943999999996,,
