Name,RA,DEC,HostName,Obj. Type
SN2020zpe,74.01575000000001,-25.151111,,
