Name,RA,DEC,HostName,Obj. Type
SN2021kld,320.7061191040001,-20.118480119800008,,
