Name,RA,DEC,HostName,Obj. Type
SN2021ybx,47.624038126400016,-11.7301606057,,
