Name,RA,DEC,HostName,Obj. Type
SN2021ash,199.92819720000006,-4.529190290080001,,
