Name,RA,DEC,HostName,Obj. Type
SN2019omi,57.24912500000002,0.9269189999999999,,
