Name,RA,DEC,HostName,Obj. Type
SN2022xkq,76.34879312136573,-11.88222373521399,,
