Name,RA,DEC,HostName,Obj. Type
SN2021mfg,306.3505420000001,-22.719768999999992,,
