Name,RA,DEC,HostName,Obj. Type
SN2024fid,186.078586571,10.4462249059,,
