Name,RA,DEC,HostName,Obj. Type
SN2022szg,33.0432302,-6.2108642000000005,,
