Name,RA,DEC,HostName,Obj. Type
SN2019op,35.424411807065226,-25.927152895531414,,
