Name,RA,DEC,HostName,Obj. Type
SN2022aecb,74.75937483146066,-0.4419110736579276,,
