Name,RA,DEC,HostName,Obj. Type
SN2022ubg,42.743198,41.062218000000016,,
