Name,RA,DEC,HostName,Obj. Type
SN2019moq,6.615451630801495,38.12323958954662,,
