Name,RA,DEC,HostName,Obj. Type
SN2020zem,20.217848137200004,4.795575855889999,,
