Name,RA,DEC,HostName,Obj. Type
SN2021gad,231.51659179999984,36.3231198,,
