Name,RA,DEC,HostName,Obj. Type
SN2022zff,7.1510397,-20.535404499999995,,
