Name,RA,DEC,HostName,Obj. Type
SN2009ad,75.88908300000001,6.659917000000002,,
