Name,RA,DEC,HostName,Obj. Type
SN2021wrt,38.4194936031,40.6674738652,,
