Name,RA,DEC,HostName,Obj. Type
SN2019wzy,29.91786819999999,5.981967899999999,,
