Name,RA,DEC,HostName,Obj. Type
SN2008cf,211.885667,-26.55183299999999,,
