Name,RA,DEC,HostName,Obj. Type
SN2021dsi,179.87938331699988,-1.14649908803,,
