Name,RA,DEC,HostName,Obj. Type
SN2020jge,273.6854346640001,43.45614307729999,,
