Name,RA,DEC,HostName,Obj. Type
SN2023hnl,325.5467266669998,-34.163038333299994,,
