Name,RA,DEC,HostName,Obj. Type
SN2020mue,215.158911429,-35.9003557143,,
