Name,RA,DEC,HostName,Obj. Type
SN2023hsy,167.44274700000003,11.192555099999996,,
