Name,RA,DEC,HostName,Obj. Type
SN2021abza,277.90462191250003,30.91029304999999,,
