Name,RA,DEC,HostName,Obj. Type
SN2022aaok,138.7534875963968,22.58955158967622,,
