Name,RA,DEC,HostName,Obj. Type
SN2022vnj,0.31943734999999995,36.969959375000016,,
