Name,RA,DEC,HostName,Obj. Type
SN2021hlp,158.42058299999997,-3.706660999999999,,
