Name,RA,DEC,HostName,Obj. Type
SN2022oux,334.19412265729585,86.93248940948983,,
