Name,RA,DEC,HostName,Obj. Type
SN2022vse,60.34132999999998,-54.75441999999999,,
