Name,RA,DEC,HostName,Obj. Type
SN2018jag,15.95129165762511,10.59236094233473,,
