Name,RA,DEC,HostName,Obj. Type
SN2021xjs,276.0237334375,30.236630937500017,,
