Name,RA,DEC,HostName,Obj. Type
SN2007hj,345.44954199999995,15.586499999999997,,
