Name,RA,DEC,HostName,Obj. Type
SN2021wfg,325.105145169,11.748961285799998,,
