Name,RA,DEC,HostName,Obj. Type
SN2006os,43.754583000000004,16.009667000000007,,
