Name,RA,DEC,HostName,Obj. Type
SN2020swy,20.981500000000008,-38.013761,,
