Name,RA,DEC,HostName,Obj. Type
SN2020nin,276.5277080000001,30.222530999999996,,
