Name,RA,DEC,HostName,Obj. Type
SN2021bpq,152.542303837,6.750942792220001,,
