Name,RA,DEC,HostName,Obj. Type
SN2023abdv,17.7852216993464,-13.944151056644886,,
