Name,RA,DEC,HostName,Obj. Type
SN2020ais,176.1186517297619,10.785754527380954,,
