Name,RA,DEC,HostName,Obj. Type
SN2021ill,139.93891699999992,-30.877989000000014,,
