Name,RA,DEC,HostName,Obj. Type
SN2009F,74.848167,-11.130583000000001,,
