Name,RA,DEC,HostName,Obj. Type
SN2023dk,77.77631963444736,-1.0803024456299668,,
