Name,RA,DEC,HostName,Obj. Type
SN2022ba,44.45175,-14.885500000000006,,
