Name,RA,DEC,HostName,Obj. Type
SN2025an,164.276212104,12.58846697,,
