Name,RA,DEC,HostName,Obj. Type
SN2019klr,16.675833799999992,49.234425800000025,,
