Name,RA,DEC,HostName,Obj. Type
SN2022yv,170.42807007538707,34.35833005025809,,
