Name,RA,DEC,HostName,Obj. Type
SN2020zbc,12.364644816600002,23.412605713,,
