Name,RA,DEC,HostName,Obj. Type
SN2021jtb,224.67836583299993,53.669292499999976,,
