Name,RA,DEC,HostName,Obj. Type
SN2019ahh,210.56307999999996,9.78315,,
