Name,RA,DEC,HostName,Obj. Type
SN2017hle,16.887760000000007,32.408240000000006,,
