Name,RA,DEC,HostName,Obj. Type
SN2019obt,5.144220294117604,5.755045788235298,,
