Name,RA,DEC,HostName,Obj. Type
SN2017fof,253.598683612,41.3358436526,,
