Name,RA,DEC,HostName,Obj. Type
SN2022rfj,323.17173950000006,-7.2238804000000005,,
