Name,RA,DEC,HostName,Obj. Type
SN2020pst,18.300167000000002,2.283839,,
