Name,RA,DEC,HostName,Obj. Type
SN2019vuh,51.6765581452,-23.498803371399994,,
