Name,RA,DEC,HostName,Obj. Type
SN2022rlp,241.2529223333333,27.25823550000001,,
