Name,RA,DEC,HostName,Obj. Type
SN2021wzb,72.7672484957,-5.95689110813,,
