Name,RA,DEC,HostName,Obj. Type
SN2020tdy,252.84132400000004,7.861608299999996,,
