Name,RA,DEC,HostName,Obj. Type
SN2019vdg,95.8830948768,50.39996185590001,,
