Name,RA,DEC,HostName,Obj. Type
SN2021fnt,203.24759283100008,32.60958458380001,,
