Name,RA,DEC,HostName,Obj. Type
SN2022nb,74.06209560399999,-9.034938669100002,,
