Name,RA,DEC,HostName,Obj. Type
SN2020aafx,86.451976211111,9.5020111444444,,
