Name,RA,DEC,HostName,Obj. Type
SN2019nwf,61.27074820090001,-6.604815972519998,,
