Name,RA,DEC,HostName,Obj. Type
SN2019fma,154.8468749999999,44.40855000000001,,
