Name,RA,DEC,HostName,Obj. Type
SN2007cg,201.38991700000003,-24.652250000000002,,
