Name,RA,DEC,HostName,Obj. Type
SN2020yxo,26.863005400000002,0.9676398166666705,,
