Name,RA,DEC,HostName,Obj. Type
SN2020aclx,9.473004099099102,-21.471930546546584,,
