Name,RA,DEC,HostName,Obj. Type
SN2022sfc,15.834137600000002,28.7138745,,
