Name,RA,DEC,HostName,Obj. Type
SN2020lsc,243.515625,14.282638999999998,,
