Name,RA,DEC,HostName,Obj. Type
SN2021ymf,62.677720833299986,-36.13047416669998,,
