Name,RA,DEC,HostName,Obj. Type
SN2021wlw,278.6656771,44.235858500000006,,
