Name,RA,DEC,HostName,Obj. Type
SN2024abwg,100.83944999999997,63.64940000000001,,
