Name,RA,DEC,HostName,Obj. Type
SN2019eiy,265.22431104299994,38.73540720639999,,
