Name,RA,DEC,HostName,Obj. Type
SN2024gjd,149.692471576,30.6549197393,,
