Name,RA,DEC,HostName,Obj. Type
SN2021mku,170.44322001874997,-5.47923689375,,
