Name,RA,DEC,HostName,Obj. Type
SN2008bc,144.63012499999994,-63.973778,,
