Name,RA,DEC,HostName,Obj. Type
SN2020jjh,248.07225000000003,50.190539,,
