Name,RA,DEC,HostName,Obj. Type
SN2020uec,317.4522080000001,15.148581000000002,,
