Name,RA,DEC,HostName,Obj. Type
SN2022rkc,30.5550723,31.695220000000003,,
