Name,RA,DEC,HostName,Obj. Type
SN2021kax,194.96070069100003,22.7232917924,,
