Name,RA,DEC,HostName,Obj. Type
SN2023guy,193.98096579999998,7.930628100000003,,
