Name,RA,DEC,HostName,Obj. Type
SN2022udi,257.27335090899993,52.960358181800004,,
