Name,RA,DEC,HostName,Obj. Type
SN2021abzi,127.21563620999994,12.538382189999998,,
