Name,RA,DEC,HostName,Obj. Type
SN2022tra,98.33093459999996,41.28534355000001,,
