Name,RA,DEC,HostName,Obj. Type
SN2020vex,39.1907405,20.554039866667004,,
