Name,RA,DEC,HostName,Obj. Type
SN2021vju,340.60247507199995,6.960699087980002,,
