Name,RA,DEC,HostName,Obj. Type
SN2019dfx,191.81863265400006,-9.687113429069997,,
