Name,RA,DEC,HostName,Obj. Type
SN2022syq,1.9159989921999998,12.263034179100002,,
