Name,RA,DEC,HostName,Obj. Type
SN2022mme,278.40055125,41.48939999999999,,
