Name,RA,DEC,HostName,Obj. Type
SN2005bg,184.32158300000003,16.371556000000005,,
