Name,RA,DEC,HostName,Obj. Type
SN2022dsu,211.378194725,15.7209783134,,
