Name,RA,DEC,HostName,Obj. Type
SN2021xfm,318.7535499999999,21.910097252462414,,
