Name,RA,DEC,HostName,Obj. Type
SN2021gez,245.54178907000002,21.222228037900003,,
