Name,RA,DEC,HostName,Obj. Type
SN2021bjz,80.56087499999994,-13.562660999999995,,
