Name,RA,DEC,HostName,Obj. Type
SN2020xqr,67.71268087650004,9.068514222039997,,
