Name,RA,DEC,HostName,Obj. Type
SN2021yaj,46.83058166669999,18.693358333300004,,
