Name,RA,DEC,HostName,Obj. Type
SN2007le,354.7017079999999,-6.522582999999999,,
