Name,RA,DEC,HostName,Obj. Type
SN2022ojn,270.82504199999994,11.016833000000002,,
