Name,RA,DEC,HostName,Obj. Type
SN2021jvp,215.1955776020314,-19.7861385531405,,
