Name,RA,DEC,HostName,Obj. Type
SN2021mim,235.08902007199998,7.281527614179998,,
