Name,RA,DEC,HostName,Obj. Type
SN2022skw,28.936112391348523,-25.248747131769445,,
