Name,RA,DEC,HostName,Obj. Type
SN2008cd,198.75729200000006,-15.951889,,
