Name,RA,DEC,HostName,Obj. Type
SN2022ubt,289.11995836091944,41.88929163908047,,
