Name,RA,DEC,HostName,Obj. Type
SN2021vnx,285.90349660000015,-27.402757299999998,,
