Name,RA,DEC,HostName,Obj. Type
SN2024lhg,329.58607,-9.807260000000001,,
