Name,RA,DEC,HostName,Obj. Type
SN2019amo,211.84130302700007,-1.09237162209,,
