Name,RA,DEC,HostName,Obj. Type
SN2021och,221.02766700000004,18.010961000000005,,
