Name,RA,DEC,HostName,Obj. Type
SN2019ycb,184.70266700000002,5.737611,,
