Name,RA,DEC,HostName,Obj. Type
SN2020jht,179.80122268570997,11.505493042857,,
