Name,RA,DEC,HostName,Obj. Type
SN2006ob,27.950458000000005,0.26341700000000007,,
