Name,RA,DEC,HostName,Obj. Type
SN2019awc,231.87577719999987,28.699408140099987,,
