Name,RA,DEC,HostName,Obj. Type
SN2022qsn,40.7493495,-19.194602199999995,,
