Name,RA,DEC,HostName,Obj. Type
SN2021lyi,153.74239586667,-3.538989016666699,,
