Name,RA,DEC,HostName,Obj. Type
SN2021ddh,129.87131981300004,-1.40805856756,,
