Name,RA,DEC,HostName,Obj. Type
SN2020tkp,359.544048488,22.7701245689,,
