Name,RA,DEC,HostName,Obj. Type
SN2020nei,196.89961606666998,43.56001263333301,,
