Name,RA,DEC,HostName,Obj. Type
SN2021hiz,186.42362499999993,7.228388999999998,,
