Name,RA,DEC,HostName,Obj. Type
SN2022rjs,244.1254436226075,21.25148269817277,,
