Name,RA,DEC,HostName,Obj. Type
SN2019exc,296.9899303009259,3.9451101003086424,,
