Name,RA,DEC,HostName,Obj. Type
SN2024jih,249.97839978667722,37.18197878322884,,
