Name,RA,DEC,HostName,Obj. Type
SN2018eyi,246.30195878077,40.84015867651314,,
