Name,RA,DEC,HostName,Obj. Type
SN2022uxl,52.1512538774,5.7893467499,,
