Name,RA,DEC,HostName,Obj. Type
SN2007sr,180.46999999999997,-18.972693999999997,,
