Name,RA,DEC,HostName,Obj. Type
SN2020naj,209.91275,29.710118999999995,,
