Name,RA,DEC,HostName,Obj. Type
SN2021bmu,19.51905804911563,14.553678286245928,,
