Name,RA,DEC,HostName,Obj. Type
SN2021vts,244.60325000000006,38.13335000000001,,
