Name,RA,DEC,HostName,Obj. Type
SN2023gxc,201.57966635000002,1.54142525,,
