Name,RA,DEC,HostName,Obj. Type
SN2021ybw,329.5515498359999,-11.4728143556,,
