Name,RA,DEC,HostName,Obj. Type
SN2020yvu,345.249458,40.910599999999995,,
