Name,RA,DEC,HostName,Obj. Type
SN2022B,153.660472819,-0.8255952385860001,,
