Name,RA,DEC,HostName,Obj. Type
SN2023hka,212.74309970000004,-27.061674700000008,,
