Name,RA,DEC,HostName,Obj. Type
SN2019cp,163.70850834642195,-7.381002755962771,,
