Name,RA,DEC,HostName,Obj. Type
SN2024tdb,82.7265981636,8.97570645561,,
