Name,RA,DEC,HostName,Obj. Type
SN2020nxk,231.32934917600008,21.354105065800002,,
