Name,RA,DEC,HostName,Obj. Type
SN2005el,77.95299999999999,5.194278,,
