Name,RA,DEC,HostName,Obj. Type
SN2021vht,11.792727441300002,16.3747768238,,
