Name,RA,DEC,HostName,Obj. Type
SN2020kzn,234.54817776667,3.0278325833333,,
