Name,RA,DEC,HostName,Obj. Type
SN2023yrs,96.72040000000001,-24.614724999999996,,
