Name,RA,DEC,HostName,Obj. Type
SN2022omn,341.8629958883992,-25.664816710719524,,
