Name,RA,DEC,HostName,Obj. Type
SN2022abom,55.28806987193749,-2.84855516118365,,
