Name,RA,DEC,HostName,Obj. Type
SN2020mga,278.87542032857,36.592319414286,,
