Name,RA,DEC,HostName,Obj. Type
SN2021afur,155.5541569,17.861225066667,,
