Name,RA,DEC,HostName,Obj. Type
SN2020abpe,24.1023334999,22.0498020816,,
