Name,RA,DEC,HostName,Obj. Type
SN2006gj,49.399167,-1.6917219999999995,,
