Name,RA,DEC,HostName,Obj. Type
SN2019ged,151.171708,40.04205000000001,,
