Name,RA,DEC,HostName,Obj. Type
SN2019ftd,194.4213978,-24.476642533332992,,
