Name,RA,DEC,HostName,Obj. Type
SN2022vye,357.0752952000001,2.3411815000000002,,
