Name,RA,DEC,HostName,Obj. Type
SN2021vt,201.782399636,11.352392900500002,,
