Name,RA,DEC,HostName,Obj. Type
SN2020tpf,81.2790377,-21.246447574999998,,
