Name,RA,DEC,HostName,Obj. Type
SN2025jh,194.415904286,-31.9891308929,,
