Name,RA,DEC,HostName,Obj. Type
SN2021absz,280.7328520000001,25.269271699999994,,
