Name,RA,DEC,HostName,Obj. Type
SN2020tqn,47.241750000000025,15.173260999999998,,
