Name,RA,DEC,HostName,Obj. Type
SN2021jbp,201.24155999999996,-24.18077,,
