Name,RA,DEC,HostName,Obj. Type
SN2005na,105.40258300000002,14.13325,,
