Name,RA,DEC,HostName,Obj. Type
SN2024fbr,147.940651151,48.007389446,,
