Name,RA,DEC,HostName,Obj. Type
SN2021jvs,224.43668682299997,6.62438029684,,
