Name,RA,DEC,HostName,Obj. Type
SN2022yjk,67.28175639999998,4.271523000000001,,
