Name,RA,DEC,HostName,Obj. Type
SN2022ryw,274.6011063000001,30.059272500000002,,
