Name,RA,DEC,HostName,Obj. Type
SN2021agej,22.491958572144295,19.43908904809619,,
