Name,RA,DEC,HostName,Obj. Type
SN2022H,147.4386738210001,6.296587989990002,,
