Name,RA,DEC,HostName,Obj. Type
SN2019oke,316.56478049899994,-7.41986978638,,
