Name,RA,DEC,HostName,Obj. Type
SN2023hjq,203.30312750000002,-16.140485,,
