Name,RA,DEC,HostName,Obj. Type
SN2020var,331.028542,-19.685789000000007,,
