Name,RA,DEC,HostName,Obj. Type
SN2020aabz,43.74599999999999,4.060281000000001,,
