Name,RA,DEC,HostName,Obj. Type
SN2007nq,14.389875000000004,-1.3886110000000003,,
