Name,RA,DEC,HostName,Obj. Type
SN2020yav,111.99604200000006,53.06843899999998,,
