Name,RA,DEC,HostName,Obj. Type
SN2021pfs,210.84824999999998,-6.031638999999998,,
