Name,RA,DEC,HostName,Obj. Type
SN2022mox,203.68686259999998,33.88975110000001,,
