Name,RA,DEC,HostName,Obj. Type
SN2019one,31.099787860000006,3.18681441796,,
