Name,RA,DEC,HostName,Obj. Type
SN2022vxf,317.8155820085894,37.88565,,
