Name,RA,DEC,HostName,Obj. Type
SN2022abjn,70.77341666669999,-12.453970000000002,,
