Name,RA,DEC,HostName,Obj. Type
SN2022skw,28.9361078719,-25.2487441831,,
