Name,RA,DEC,HostName,Obj. Type
SN2020kku,263.14051208,15.735879703099997,,
