Name,RA,DEC,HostName,Obj. Type
SN2021ify,261.72372290600003,13.178865883,,
