Name,RA,DEC,HostName,Obj. Type
SN2020vwv,103.83558300000003,-36.37970000000001,,
