Name,RA,DEC,HostName,Obj. Type
SN2020abmg,123.85227081039723,-6.95770567787972,,
