Name,RA,DEC,HostName,Obj. Type
SN2020nta,241.8472750596027,13.89262257100807,,
