Name,RA,DEC,HostName,Obj. Type
SN2020jfc,287.5295000000001,40.00934999999999,,
