Name,RA,DEC,HostName,Obj. Type
SN2021jwq,270.23017762700005,52.739646249799996,,
