Name,RA,DEC,HostName,Obj. Type
SN2022ssl,343.44317200000006,51.4641863,,
