Name,RA,DEC,HostName,Obj. Type
SN2019nzv,233.26160417599996,40.433130064299995,,
