Name,RA,DEC,HostName,Obj. Type
SN2019buq,222.79908759999992,-9.438848199999999,,
