Name,RA,DEC,HostName,Obj. Type
SN2022ytc,35.15881380000002,53.36096819999998,,
