Name,RA,DEC,HostName,Obj. Type
SN2021kut,157.87405495000004,6.242641550000001,,
