Name,RA,DEC,HostName,Obj. Type
SN2019wqd,218.2942912,6.063560300000001,,
