Name,RA,DEC,HostName,Obj. Type
SN2022rkd,239.0995659,12.132317799999997,,
