Name,RA,DEC,HostName,Obj. Type
SN2025nn,109.41391671794871,43.817533282051286,,
