Name,RA,DEC,HostName,Obj. Type
SN2023cvq,129.544100573,25.1015512155,,
