Name,RA,DEC,HostName,Obj. Type
SN2020cho,160.961382879,18.658406393999996,,
