Name,RA,DEC,HostName,Obj. Type
SN2021iai,205.8780963899999,9.6234083465,,
