Name,RA,DEC,HostName,Obj. Type
SN2020cot,158.89852702200002,22.6406374755,,
