Name,RA,DEC,HostName,Obj. Type
SN2020szr,347.387917,15.659268999999998,,
