Name,RA,DEC,HostName,Obj. Type
SN2021cad,163.93943296347,24.027656048706287,,
