Name,RA,DEC,HostName,Obj. Type
SN2022shl,2.6246864,42.60292190000001,,
