Name,RA,DEC,HostName,Obj. Type
SN2021aut,201.814170585,-26.77611172050001,,
