Name,RA,DEC,HostName,Obj. Type
SN2020cbo,215.13843000000003,-33.328625,,
