Name,RA,DEC,HostName,Obj. Type
SN2006D,193.14141700000005,-9.775222,,
