Name,RA,DEC,HostName,Obj. Type
SN2022ucj,67.7131283333,-16.306125000000005,,
