Name,RA,DEC,HostName,Obj. Type
SN2021gbm,175.50394966699997,-4.208707905109999,,
