Name,RA,DEC,HostName,Obj. Type
SN2007ol,24.34875,-0.3119999999999999,,
