Name,RA,DEC,HostName,Obj. Type
SN2005ku,344.92754199999996,0.013694,,
