Name,RA,DEC,HostName,Obj. Type
SN2019fcf,265.0734579999999,17.694211,,
