Name,RA,DEC,HostName,Obj. Type
SN2020ymv,37.6734993241,-14.569127623899996,,
