Name,RA,DEC,HostName,Obj. Type
SN2019fkv,307.77795777800014,8.739516666669996,,
