Name,RA,DEC,HostName,Obj. Type
SN2021cjf,37.9653006875,2.0502541375,,
