Name,RA,DEC,HostName,Obj. Type
SN2019hyj,353.7520822239997,23.139272368000007,,
