Name,RA,DEC,HostName,Obj. Type
SN2020aejj,75.2662741667,-38.4486033333,,
