Name,RA,DEC,HostName,Obj. Type
SN2009ds,177.26712500000005,-9.729139000000004,,
