Name,RA,DEC,HostName,Obj. Type
SN2024ejy,210.381374087,-23.9571240757,,
