Name,RA,DEC,HostName,Obj. Type
SN2009Y,220.59937499999998,-17.246778000000006,,
