Name,RA,DEC,HostName,Obj. Type
SN2023vjh,60.66323758937184,25.233483784940436,,
