Name,RA,DEC,HostName,Obj. Type
SN2020jgl,142.243442219,-14.805522340099998,,
