Name,RA,DEC,HostName,Obj. Type
SN2020ubu,41.05695677149999,-2.9041603230600006,,
