Name,RA,DEC,HostName,Obj. Type
SN2020jsh,146.58929200000003,3.0732690000000007,,
