Name,RA,DEC,HostName,Obj. Type
SN2020uxz,21.028707999999998,12.921460999999995,,
