Name,RA,DEC,HostName,Obj. Type
SN2019drp,215.51088428499997,30.06700555700001,,
