Name,RA,DEC,HostName,Obj. Type
SN2020ywh,148.67774026100005,45.55529151219999,,
