Name,RA,DEC,HostName,Obj. Type
SN2019fyb,154.9735369875,22.105147974999998,,
