Name,RA,DEC,HostName,Obj. Type
SN2020tce,45.470542000000016,16.992881000000004,,
