Name,RA,DEC,HostName,Obj. Type
SN2020tnw,316.2574739490001,8.27390283353,,
