Name,RA,DEC,HostName,Obj. Type
SN2024sag,83.8700930252,-17.8009970936,,
