Name,RA,DEC,HostName,Obj. Type
SN2022yus,98.4021109,-17.880891999999996,,
