Name,RA,DEC,HostName,Obj. Type
SN2021uve,29.135698771206332,3.8603541297806023,,
