Name,RA,DEC,HostName,Obj. Type
SN2022fjx,160.87567918376067,19.083002720797722,,
