Name,RA,DEC,HostName,Obj. Type
SN2020lfe,357.075948146,33.1489662271,,
