Name,RA,DEC,HostName,Obj. Type
SN2022dsu,211.3781958903134,15.720977808167142,,
