Name,RA,DEC,HostName,Obj. Type
SN2008go,332.686792,-20.788110999999997,,
