Name,RA,DEC,HostName,Obj. Type
SN2022trc,18.762892700000002,14.085600999999999,,
