Name,RA,DEC,HostName,Obj. Type
SN2007jg,52.46175000000002,0.056833000000000015,,
