Name,RA,DEC,HostName,Obj. Type
SN2019cth,221.44787500000007,50.396761,,
