Name,RA,DEC,HostName,Obj. Type
SN2021cym,124.55378317400003,10.890258705700004,,
