Name,RA,DEC,HostName,Obj. Type
SN2021bpn,134.87325382800003,-2.92710142313,,
