Name,RA,DEC,HostName,Obj. Type
SN2024nev,333.4611399999999,3.9840299999999997,,
