Name,RA,DEC,HostName,Obj. Type
SN2021mld,230.00476670300006,22.886671921399998,,
