Name,RA,DEC,HostName,Obj. Type
SN2020ucf,90.53387499999997,46.50856099999999,,
