Name,RA,DEC,HostName,Obj. Type
SN2020ufe,81.01885284569998,-23.02420333149999,,
