Name,RA,DEC,HostName,Obj. Type
SN2019noh,346.419824241,27.6659784696,,
