Name,RA,DEC,HostName,Obj. Type
SN2021dnl,221.76244792499998,0.47577410759900013,,
