Name,RA,DEC,HostName,Obj. Type
SN2020mdd,237.97418837499998,34.07338725,,
