Name,RA,DEC,HostName,Obj. Type
SN2019bgt,138.02611070000003,15.910120000000004,,
