Name,RA,DEC,HostName,Obj. Type
SN2021bbz,176.34833300000005,20.324461000000003,,
