Name,RA,DEC,HostName,Obj. Type
SN2019luv,328.812534371,-12.1489903565,,
