Name,RA,DEC,HostName,Obj. Type
SN2024vr,38.837989846,-25.5275658948,,
