Name,RA,DEC,HostName,Obj. Type
SN2021lma,160.38385209800006,52.651016154400004,,
