Name,RA,DEC,HostName,Obj. Type
SN2021koo,142.40791499999997,-6.938449200000001,,
