Name,RA,DEC,HostName,Obj. Type
SN2020wie,105.155871617,35.047269304,,
