Name,RA,DEC,HostName,Obj. Type
SN2023hrn,167.14609500000003,4.8144025,,
