Name,RA,DEC,HostName,Obj. Type
SN2007on,54.71208300000001,-35.574999999999996,,
