Name,RA,DEC,HostName,Obj. Type
SN2019xvx,213.03700000000003,-4.120410999999999,,
