Name,RA,DEC,HostName,Obj. Type
SN2019cdc,212.204735036,35.614274091,,
