Name,RA,DEC,HostName,Obj. Type
SN2020vae,270.7446749999999,52.11507500000002,,
