Name,RA,DEC,HostName,Obj. Type
SN2021hwx,229.86087330499998,23.397631929400003,,
