Name,RA,DEC,HostName,Obj. Type
SN2021abzd,10.899537508522725,30.592322214646455,,
