Name,RA,DEC,HostName,Obj. Type
SN2023hro,190.944237273,-20.1582018182,,
