Name,RA,DEC,HostName,Obj. Type
SN2020ulf,240.42041699999996,21.354869000000004,,
