Name,RA,DEC,HostName,Obj. Type
SN2019sla,122.1199006,1.4739389000000005,,
