Name,RA,DEC,HostName,Obj. Type
SN2021abmp,11.176542000000001,-38.18391100000001,,
