Name,RA,DEC,HostName,Obj. Type
SN2008fl,294.1868329999999,-37.551249999999996,,
