Name,RA,DEC,HostName,Obj. Type
SN2020kbw,231.49381269500003,46.3123614003,,
