Name,RA,DEC,HostName,Obj. Type
SN2020wob,348.40466699999996,4.148938999999999,,
