Name,RA,DEC,HostName,Obj. Type
SN2021oat,195.03441699999996,28.170311000000005,,
