Name,RA,DEC,HostName,Obj. Type
SN2006br,202.50749999999996,13.415778000000001,,
