Name,RA,DEC,HostName,Obj. Type
SN2021cjx,148.00482892500003,21.174140475,,
