Name,RA,DEC,HostName,Obj. Type
SN2021yjq,228.75132500000004,17.400731666700004,,
