Name,RA,DEC,HostName,Obj. Type
SN2019eok,256.381929177,12.5684260002,,
