Name,RA,DEC,HostName,Obj. Type
SN2020zhd,106.33833669999999,18.225499500000005,,
