Name,RA,DEC,HostName,Obj. Type
SN2025E,119.661023016,7.96332030304,,
