Name,RA,DEC,HostName,Obj. Type
SN2019pdy,37.911463636400015,9.747703636360002,,
