Name,RA,DEC,HostName,Obj. Type
SN2008hv,136.89191699999998,3.392249999999999,,
