Name,RA,DEC,HostName,Obj. Type
SN2022ywc,50.5505136364,-42.8846709091,,
