Name,RA,DEC,HostName,Obj. Type
SN2025aet,102.776299444,19.7778688889,,
