Name,RA,DEC,HostName,Obj. Type
SN2021bsf,181.516834213,20.537031787,,
