Name,RA,DEC,HostName,Obj. Type
SN2020tul,9.181837387529999,33.10583564400001,,
