Name,RA,DEC,HostName,Obj. Type
SN2022yxp,74.02343229999998,1.8185834999999992,,
