Name,RA,DEC,HostName,Obj. Type
SN2022aaoz,13.263508400000008,39.026401299999975,,
