Name,RA,DEC,HostName,Obj. Type
SN2020may,185.99562499999996,48.35524999999999,,
