Name,RA,DEC,HostName,Obj. Type
SN2021vqb,23.997542000000006,-34.02031100000001,,
