Name,RA,DEC,HostName,Obj. Type
SN2021mhv,186.014375,35.70363900000002,,
