Name,RA,DEC,HostName,Obj. Type
SN2016iuh,184.88100000000003,49.817850000000014,,
