Name,RA,DEC,HostName,Obj. Type
SN2022xhh,64.17337659886262,-12.183590150448813,,
