Name,RA,DEC,HostName,Obj. Type
SN2022an,190.88433,-41.36599000000001,,
