Name,RA,DEC,HostName,Obj. Type
SN2020nbo,239.55895800000008,18.102789,,
