Name,RA,DEC,HostName,Obj. Type
SN2021qqr,257.3738167,-22.447686150000003,,
