Name,RA,DEC,HostName,Obj. Type
SN2022xhh,64.1734065552,-12.1835768414,,
