Name,RA,DEC,HostName,Obj. Type
SN2021dnm,189.35088939300005,23.0935396452,,
