Name,RA,DEC,HostName,Obj. Type
SN2020acoo,145.30886234375004,26.088574687499992,,
