Name,RA,DEC,HostName,Obj. Type
SN2020acbx,131.5882916292138,-12.655972621722826,,
