Name,RA,DEC,HostName,Obj. Type
SN2020mby,269.9686608833299,50.49091983333299,,
