Name,RA,DEC,HostName,Obj. Type
SN2021wue,18.947390851699996,1.5058049795800001,,
