Name,RA,DEC,HostName,Obj. Type
SN2019ope,346.718985556,-37.8503288889,,
