Name,RA,DEC,HostName,Obj. Type
SN2020acoo,145.308862723,26.0885751167,,
