Name,RA,DEC,HostName,Obj. Type
SN2019due,240.40663880200006,16.435935277600002,,
