Name,RA,DEC,HostName,Obj. Type
SN2024ua,116.833814463,55.3300653285,,
