Name,RA,DEC,HostName,Obj. Type
SN2022udc,65.96319250000002,-10.308440000000001,,
