Name,RA,DEC,HostName,Obj. Type
SN2021aabw,82.40937499999997,-23.99265000000001,,
