Name,RA,DEC,HostName,Obj. Type
SN2021ihz,228.3638399000001,25.206663250000002,,
