Name,RA,DEC,HostName,Obj. Type
SN2021wus,33.676823882699985,16.079980547300003,,
