Name,RA,DEC,HostName,Obj. Type
SN2021jys,135.30583299999998,10.437388999999994,,
