Name,RA,DEC,HostName,Obj. Type
SN2020jjf,233.784425502,23.9455693262,,
