Name,RA,DEC,HostName,Obj. Type
SN2020fxa,233.63766699999996,37.53383100000001,,
