Name,RA,DEC,HostName,Obj. Type
SN2022rnu,25.181031500000003,-14.478776399999994,,
