Name,RA,DEC,HostName,Obj. Type
SN2019yfu,191.401498428,1.1836093427200005,,
