Name,RA,DEC,HostName,Obj. Type
SN2005bo,192.42095800000007,-11.096471999999995,,
