Name,RA,DEC,HostName,Obj. Type
SN2021pyz,289.049642239,45.148508518,,
