Name,RA,DEC,HostName,Obj. Type
SN2019gip,299.2558288,50.178525399999984,,
