Name,RA,DEC,HostName,Obj. Type
SN2024afph,216.82772869999997,16.555543,,
