Name,RA,DEC,HostName,Obj. Type
SN2021dlb,223.27902490699998,3.5373079904700004,,
