Name,RA,DEC,HostName,Obj. Type
SN2020yo,46.527079166666695,13.913452777777804,,
