Name,RA,DEC,HostName,Obj. Type
SN2019vqm,203.07661295300002,7.940466281300003,,
