Name,RA,DEC,HostName,Obj. Type
SN2021gft,151.24395799999996,-18.379899999999992,,
