Name,RA,DEC,HostName,Obj. Type
SN2021dov,134.07795800000002,-0.4421389999999999,,
