Name,RA,DEC,HostName,Obj. Type
SN2006is,79.39320799999999,-23.781722,,
