Name,RA,DEC,HostName,Obj. Type
SN2021mid,239.53951901299993,12.043976692200003,,
