Name,RA,DEC,HostName,Obj. Type
SN2022mvb,240.53912,-6.4344766666699975,,
