Name,RA,DEC,HostName,Obj. Type
SN2021lat,220.22412400000002,24.971657999999994,,
