Name,RA,DEC,HostName,Obj. Type
SN2024aeed,212.095319945,16.9284563029,,
