Name,RA,DEC,HostName,Obj. Type
SN2021zw,191.13733300000004,26.795060999999993,,
