Name,RA,DEC,HostName,Obj. Type
SN2020qlr,262.220417,57.91811900000001,,
