Name,RA,DEC,HostName,Obj. Type
SN2020tel,255.85804199999995,35.99966899999998,,
