Name,RA,DEC,HostName,Obj. Type
SN2004eo,308.22579200000007,9.928528000000002,,
