Name,RA,DEC,HostName,Obj. Type
SN2019vjm,151.17075,4.816411000000001,,
