Name,RA,DEC,HostName,Obj. Type
SN2022rid,357.94200929999994,3.8525756999999996,,
