Name,RA,DEC,HostName,Obj. Type
SN2020wlw,14.378449075000002,35.73957575,,
