Name,RA,DEC,HostName,Obj. Type
SN2021yeq,242.50698333299994,-2.6539999999999995,,
