Name,RA,DEC,HostName,Obj. Type
SN2020zfu,28.037948071199995,42.8698362691,,
