Name,RA,DEC,HostName,Obj. Type
SN2024bjb,167.982470896,3.13368842531,,
