Name,RA,DEC,HostName,Obj. Type
SN2009ab,64.15162500000001,2.764166999999999,,
