Name,RA,DEC,HostName,Obj. Type
SN2023cvq,129.54410056904976,25.1015512071405,,
