Name,RA,DEC,HostName,Obj. Type
SN2021ydv,343.26340749999997,-36.78587749999999,,
