Name,RA,DEC,HostName,Obj. Type
SN2022abvt,22.6809815789,-31.514423157900012,,
