Name,RA,DEC,HostName,Obj. Type
SN2021twa,32.7621121734429,36.48172565311419,,
