Name,RA,DEC,HostName,Obj. Type
SN2020aczg,150.277875,54.78956900000001,,
