Name,RA,DEC,HostName,Obj. Type
SN2008bi,128.972458,0.7064170000000001,,
