Name,RA,DEC,HostName,Obj. Type
SN2022aaok,138.7534865020058,22.589552112748233,,
