Name,RA,DEC,HostName,Obj. Type
SN2022ubt,289.11995635,41.889292100000006,,
