Name,RA,DEC,HostName,Obj. Type
SN2019pff,251.45766699999993,45.086311000000016,,
