Name,RA,DEC,HostName,Obj. Type
SN2019bsu,255.780476154,27.945421538499993,,
