Name,RA,DEC,HostName,Obj. Type
SN2022fw,185.97515309999997,-3.4438559999999994,,
