Name,RA,DEC,HostName,Obj. Type
SN2020yzs,19.0088450587,-10.864457202500002,,
