Name,RA,DEC,HostName,Obj. Type
SN2023bhm,70.72892278173794,0.6184249592668026,,
