Name,RA,DEC,HostName,Obj. Type
SN2022zvu,148.46274583333334,-7.792683333333333,,
