Name,RA,DEC,HostName,Obj. Type
SN2006dd,50.673416999999986,-37.20361100000001,,
