Name,RA,DEC,HostName,Obj. Type
SN2022kj,161.12298868400003,23.8370135689,,
