Name,RA,DEC,HostName,Obj. Type
SN2006eq,322.1547080000001,1.2281940000000002,,
