Name,RA,DEC,HostName,Obj. Type
SN2021div,254.08241110000003,39.2758209,,
