Name,RA,DEC,HostName,Obj. Type
SN2022ydi,17.002569411800007,40.2334835294,,
