Name,RA,DEC,HostName,Obj. Type
SN2004ey,327.28254200000003,0.44422200000000006,,
