Name,RA,DEC,HostName,Obj. Type
SN2023jah,307.78864999999996,-44.26243999999999,,
