Name,RA,DEC,HostName,Obj. Type
SN2021iov,141.661822388,-7.087126468920001,,
