Name,RA,DEC,HostName,Obj. Type
SN2021iqt,167.76396867099996,55.130817208900005,,
