Name,RA,DEC,HostName,Obj. Type
SN2019bdz,222.15372639999998,6.8144252,,
