Name,RA,DEC,HostName,Obj. Type
SN2020sjo,66.59145799999999,-10.098811000000001,,
