Name,RA,DEC,HostName,Obj. Type
SN2022ssk,37.36896339999999,-5.848369300000001,,
