Name,RA,DEC,HostName,Obj. Type
SN2021blp,142.973665807,35.5517484652,,
