Name,RA,DEC,HostName,Obj. Type
SN2004gs,129.596583,17.627722000000002,,
