Name,RA,DEC,HostName,Obj. Type
SN2024afpi,219.6959491,28.508663999999996,,
