Name,RA,DEC,HostName,Obj. Type
SN2008bt,162.570333,-12.108889000000001,,
