Name,RA,DEC,HostName,Obj. Type
SN2022zoa,149.6303607,-2.8208082000000005,,
