Name,RA,DEC,HostName,Obj. Type
SN2022ubr,335.4464314289999,26.725265714299997,,
