Name,RA,DEC,HostName,Obj. Type
SN2021bta,210.68489379999997,25.557550477778,,
