Name,RA,DEC,HostName,Obj. Type
SN2021uef,297.40179587254903,42.23985275163399,,
