Name,RA,DEC,HostName,Obj. Type
SN2021yam,64.66150000000002,35.660569,,
