Name,RA,DEC,HostName,Obj. Type
SN2022nbi,322.3029580000001,-0.6209189999999999,,
