Name,RA,DEC,HostName,Obj. Type
SN2020nef,229.99642286000005,20.71315379999999,,
