Name,RA,DEC,HostName,Obj. Type
SN2021aare,90.91673263157894,-26.66324364912281,,
