Name,RA,DEC,HostName,Obj. Type
SN2021wvj,222.34155330000004,9.675290300000002,,
