Name,RA,DEC,HostName,Obj. Type
SN2020ver,313.57941600000004,9.158071699999999,,
