Name,RA,DEC,HostName,Obj. Type
SN2024stt,335.928134286,-63.1577342857,,
