Name,RA,DEC,HostName,Obj. Type
SN2023mkp,204.8455296865456,51.04965756173415,,
