Name,RA,DEC,HostName,Obj. Type
SN2020add,155.009390681,6.631793542249998,,
