Name,RA,DEC,HostName,Obj. Type
SN2022yuj,117.54660333299998,37.447858333300005,,
