Name,RA,DEC,HostName,Obj. Type
SN2005lu,39.01545800000001,-17.263889000000002,,
