Name,RA,DEC,HostName,Obj. Type
SN2006mr,50.679333,-37.20822199999999,,
