Name,RA,DEC,HostName,Obj. Type
SN2021fwy,196.67241408299998,9.331750931740002,,
