Name,RA,DEC,HostName,Obj. Type
SN2022D,163.98145305300005,0.4170021183669999,,
