Name,RA,DEC,HostName,Obj. Type
SN2020cli,247.98621670799997,14.044238104100002,,
