Name,RA,DEC,HostName,Obj. Type
SN2022vsq,345.4752275,43.16965749999998,,
