Name,RA,DEC,HostName,Obj. Type
SN2021knh,137.53604199999995,-27.62405,,
