Name,RA,DEC,HostName,Obj. Type
SN2020vax,109.49186327399997,43.57173514490001,,
