Name,RA,DEC,HostName,Obj. Type
SN2019so,190.65175000000002,-40.74632999999999,,
