Name,RA,DEC,HostName,Obj. Type
SN2019wfc,159.06208300000006,52.94741899999999,,
