Name,RA,DEC,HostName,Obj. Type
SN2024svr,69.0073031934,-29.2775012477,,
