Name,RA,DEC,HostName,Obj. Type
SN2021ymb,5.2131500000000015,-32.856912000000015,,
