Name,RA,DEC,HostName,Obj. Type
SN2008bf,181.01208300000002,20.245167000000002,,
