Name,RA,DEC,HostName,Obj. Type
SN2021kjh,199.96665264300006,7.76054621278,,
