Name,RA,DEC,HostName,Obj. Type
SN2024ael,59.5963565085,-12.3177183241,,
