Name,RA,DEC,HostName,Obj. Type
SN2024acnq,155.748972861,20.6619678612,,
