Name,RA,DEC,HostName,Obj. Type
SN2020vdz,129.31687500000004,-5.923788999999999,,
