Name,RA,DEC,HostName,Obj. Type
SN2023bhm,70.7291603461,0.618423377238,,
