Name,RA,DEC,HostName,Obj. Type
SN2022nbq,314.18851410000025,4.251674899999999,,
