Name,RA,DEC,HostName,Obj. Type
SN2022rvz,286.71889960000004,34.609785300000006,,
