Name,RA,DEC,HostName,Obj. Type
SN2019ekb,213.04840190300004,40.098642827099994,,
