Name,RA,DEC,HostName,Obj. Type
SN2020mfd,259.03099475236746,40.78653705932648,,
