Name,RA,DEC,HostName,Obj. Type
SN2022mzr,202.48796799999997,31.722591000000005,,
