Name,RA,DEC,HostName,Obj. Type
SN2021lxb,195.494375,28.00856900000001,,
