Name,RA,DEC,HostName,Obj. Type
SN2020jdo,273.93185480100004,58.21526102159999,,
