Name,RA,DEC,HostName,Obj. Type
SN2018hkw,39.59501731800766,-11.738988825031926,,
