Name,RA,DEC,HostName,Obj. Type
SN2023epo,148.54845676200003,34.14179473709999,,
