Name,RA,DEC,HostName,Obj. Type
SN2021kpu,230.581986287,22.681782271899998,,
