Name,RA,DEC,HostName,Obj. Type
SN2021ftu,184.318165641,-13.513012760799997,,
