Name,RA,DEC,HostName,Obj. Type
SN2022rey,268.3069708300265,42.78852498015874,,
