Name,RA,DEC,HostName,Obj. Type
SN2024pbd,227.80451000000002,46.14784999999999,,
