Name,RA,DEC,HostName,Obj. Type
SN2006ef,31.081291999999998,-8.728389,,
