Name,RA,DEC,HostName,Obj. Type
SN2006lu,138.82345800000002,-25.600082999999998,,
