Name,RA,DEC,HostName,Obj. Type
SN2024grb,204.001121654,6.58706087634,,
