Name,RA,DEC,HostName,Obj. Type
SN2020tzl,34.66999817499999,50.786952074999995,,
