Name,RA,DEC,HostName,Obj. Type
SN2021nya,184.50854199999998,24.717999999999996,,
