Name,RA,DEC,HostName,Obj. Type
SN2020wux,20.883354340599997,-19.170994877899993,,
