Name,RA,DEC,HostName,Obj. Type
SN2019vju,166.00091699999996,-18.776511,,
