Name,RA,DEC,HostName,Obj. Type
SN2023gqs,207.34910749999995,35.0150525,,
