Name,RA,DEC,HostName,Obj. Type
SN2020yvg,307.72892601428987,19.337994085713998,,
