Name,RA,DEC,HostName,Obj. Type
SN2023omo,214.261597196,10.8219558046,,
