Name,RA,DEC,HostName,Obj. Type
SN2021die,200.510971615,54.69091955450001,,
