Name,RA,DEC,HostName,Obj. Type
SN2024bdo,151.339108519,28.9684850393,,
