Name,RA,DEC,HostName,Obj. Type
SN2021usd,275.513899561,36.622320158899996,,
