Name,RA,DEC,HostName,Obj. Type
SN2019dpu,196.07683300000002,33.47105,,
