Name,RA,DEC,HostName,Obj. Type
SN2021dev,162.600624426,0.926926147397,,
