Name,RA,DEC,HostName,Obj. Type
SN2020uvf,18.511354821900007,14.381122683100001,,
