Name,RA,DEC,HostName,Obj. Type
SN2019dfa,149.74937499999996,17.818719,,
