Name,RA,DEC,HostName,Obj. Type
SN2021aggu,136.87999999999997,18.436031,,
