Name,RA,DEC,HostName,Obj. Type
SN2025gg,193.180954582,41.0296418735,,
