Name,RA,DEC,HostName,Obj. Type
SN2019bse,141.51045898333004,18.940155716667,,
