Name,RA,DEC,HostName,Obj. Type
SN2022zqu,88.72721000000001,-22.963227499999995,,
