Name,RA,DEC,HostName,Obj. Type
SN2022aapa,6.018265999999998,31.160872299999998,,
