Name,RA,DEC,HostName,Obj. Type
SN2020xps,44.39172243929999,13.475426552600004,,
