Name,RA,DEC,HostName,Obj. Type
SN2023fep,207.10173639999996,-21.530753800000006,,
