Name,RA,DEC,HostName,Obj. Type
SN2021jmi,232.172126,26.155364000000006,,
