Name,RA,DEC,HostName,Obj. Type
SN2008C,104.29804199999995,20.437139,,
