Name,RA,DEC,HostName,Obj. Type
SN2023ex,194.72336999999996,28.127039999999997,,
