Name,RA,DEC,HostName,Obj. Type
SN2022rhm,39.42781519999999,26.0075876,,
