Name,RA,DEC,HostName,Obj. Type
SN2021low,176.1927499999999,20.126189000000007,,
