Name,RA,DEC,HostName,Obj. Type
SN2020lip,339.47339507500004,9.957790299999997,,
