Name,RA,DEC,HostName,Obj. Type
SN2019myw,333.0111075220001,0.052200175083900006,,
