Name,RA,DEC,HostName,Obj. Type
SN2019rrt,154.33245800000003,36.651061,,
