Name,RA,DEC,HostName,Obj. Type
SN2020qic,3.773333,43.343289000000006,,
