Name,RA,DEC,HostName,Obj. Type
SN2021aip,159.341910357,-7.366799450490001,,
