Name,RA,DEC,HostName,Obj. Type
SN2019ava,113.24533300000004,58.27890000000003,,
