Name,RA,DEC,HostName,Obj. Type
SN2021hzo,180.16706279999994,51.84092220000001,,
