Name,RA,DEC,HostName,Obj. Type
SN2020ees,201.81329199999996,32.03361899999999,,
