Name,RA,DEC,HostName,Obj. Type
SN2021accx,355.0065000000003,27.277081000000017,,
