Name,RA,DEC,HostName,Obj. Type
SN2021xjt,343.53545500000007,-32.41315750000001,,
