Name,RA,DEC,HostName,Obj. Type
SN2020amt,113.68212057142998,18.042491714285998,,
