Name,RA,DEC,HostName,Obj. Type
SN2020zgh,18.972635463399996,0.0160018244229,,
