Name,RA,DEC,HostName,Obj. Type
SN2023vjh,60.6632299602,25.2334820873,,
