Name,RA,DEC,HostName,Obj. Type
SN2022son,323.21905939999994,-6.1785311,,
