Name,RA,DEC,HostName,Obj. Type
SN2018ame,227.356314615,25.4715442308,,
