Name,RA,DEC,HostName,Obj. Type
SN2022mtp,261.5520198,27.61871800000001,,
