Name,RA,DEC,HostName,Obj. Type
SN2021yma,78.80491810000004,-27.842337600000008,,
