Name,RA,DEC,HostName,Obj. Type
SN2008gl,20.228417000000007,4.805306,,
