Name,RA,DEC,HostName,Obj. Type
SN2020kyx,243.439625,22.920661000000003,,
