Name,RA,DEC,HostName,Obj. Type
SN2022ueh,16.039350000000002,20.8715433333,,
