Name,RA,DEC,HostName,Obj. Type
SN2025gm,119.308385789,-19.6697576316,,
