Name,RA,DEC,HostName,Obj. Type
SN2019bqe,149.91629503636003,35.39513086363599,,
