Name,RA,DEC,HostName,Obj. Type
SN2019ata,153.5449169999999,-35.16088899999998,,
