Name,RA,DEC,HostName,Obj. Type
SN2024ddb,47.7776613341,10.8438127522,,
