Name,RA,DEC,HostName,Obj. Type
SN2021ckc,178.648712033,25.383435859700004,,
