Name,RA,DEC,HostName,Obj. Type
SN2022myp,205.438268571,-25.793415714300007,,
