Name,RA,DEC,HostName,Obj. Type
SN2020yzv,50.36203934920002,3.60652430232,,
