Name,RA,DEC,HostName,Obj. Type
SN2022yz,35.353175969,30.132630361500002,,
