Name,RA,DEC,HostName,Obj. Type
SN2021huu,178.611208,55.07398099999999,,
