Name,RA,DEC,HostName,Obj. Type
SN2024xhm,46.9969608189,-38.9303139825,,
