Name,RA,DEC,HostName,Obj. Type
SN2022rti,324.24004227099994,15.065422866799999,,
