Name,RA,DEC,HostName,Obj. Type
SN2020vnr,0.8189699976850003,2.2521766816599995,,
