Name,RA,DEC,HostName,Obj. Type
SN2019moq,6.61546037531,38.1232517734,,
