Name,RA,DEC,HostName,Obj. Type
SN2024edz,174.019997333,-34.3357893333,,
