Name,RA,DEC,HostName,Obj. Type
SN2022aart,119.86859260000003,3.1560358999999996,,
