Name,RA,DEC,HostName,Obj. Type
SN2021vkc,328.446634566,17.170839651199998,,
