Name,RA,DEC,HostName,Obj. Type
SN2021agnf,97.97918332497912,35.55660277081593,,
