Name,RA,DEC,HostName,Obj. Type
SN2020jol,156.83812499999996,0.42216900000000007,,
