Name,RA,DEC,HostName,Obj. Type
SN2022rnz,282.13699600000007,36.039777099999995,,
