Name,RA,DEC,HostName,Obj. Type
SN2019dwd,160.72753119999996,21.6247591,,
