Name,RA,DEC,HostName,Obj. Type
SN2022mxq,208.70830335000002,20.6008757,,
