Name,RA,DEC,HostName,Obj. Type
SN2021aadr,159.81090068,20.29838276000001,,
