Name,RA,DEC,HostName,Obj. Type
SN2024bjb,167.9824759546902,3.1336812629294535,,
