Name,RA,DEC,HostName,Obj. Type
SN2020uea,37.838202683599995,43.46479134100001,,
