Name,RA,DEC,HostName,Obj. Type
SN2024fyc,207.474623333,26.4791333333,,
