Name,RA,DEC,HostName,Obj. Type
SN2021wkv,247.89233299999995,40.568081,,
