Name,RA,DEC,HostName,Obj. Type
SN2020skp,20.6945575895,10.0313499223,,
