Name,RA,DEC,HostName,Obj. Type
SN2007bd,127.88866699999993,-1.199444,,
