Name,RA,DEC,HostName,Obj. Type
SN2005ki,160.117583,9.202332999999998,,
