Name,RA,DEC,HostName,Obj. Type
SN2021fof,212.053310337,-8.832710316640002,,
