Name,RA,DEC,HostName,Obj. Type
SN2020unl,98.950417,55.71108100000002,,
