Name,RA,DEC,HostName,Obj. Type
SN2021aceu,19.017083000000003,37.64819399999999,,
