Name,RA,DEC,HostName,Obj. Type
SN2019voo,184.92720800000006,-12.225730999999998,,
