Name,RA,DEC,HostName,Obj. Type
SN2021fbc,214.66593848200006,19.7483519936,,
