Name,RA,DEC,HostName,Obj. Type
SN2022rey,268.306972718,42.7885238626,,
