Name,RA,DEC,HostName,Obj. Type
SN2009aa,170.92616700000005,-22.270693999999995,,
