Name,RA,DEC,HostName,Obj. Type
SN2006ej,9.749042000000001,-9.015721999999998,,
