Name,RA,DEC,HostName,Obj. Type
SN2022tvz,298.75688374999993,-21.099221250000003,,
