Name,RA,DEC,HostName,Obj. Type
SN2021wzb,72.76725099496328,-5.9569042092469795,,
