Name,RA,DEC,HostName,Obj. Type
SN2021j,186.61254442099994,31.222375634700004,,
