Name,RA,DEC,HostName,Obj. Type
SN2021fnr,219.5078792118959,10.184031355348145,,
