Name,RA,DEC,HostName,Obj. Type
SN2004ef,340.5417499999999,19.994556,,
