Name,RA,DEC,HostName,Obj. Type
SN2024gdb,189.791240747,13.472693619,,
