Name,RA,DEC,HostName,Obj. Type
SN2017hle,16.8877642767,32.4082378399,,
