Name,RA,DEC,HostName,Obj. Type
SN2021lxo,210.41132638999994,19.496439920000004,,
