Name,RA,DEC,HostName,Obj. Type
SN2021ghc,149.137458,0.7522890000000001,,
