Name,RA,DEC,HostName,Obj. Type
SN2020vau,302.90045666700007,-30.915806666700004,,
