Name,RA,DEC,HostName,Obj. Type
SN2024uad,36.1347028571,-49.6541271429,,
