Name,RA,DEC,HostName,Obj. Type
SN2009P,170.16158300000006,-3.5461940000000003,,
