Name,RA,DEC,HostName,Obj. Type
SN2023yrs,96.7204007494,-24.6147240029,,
