Name,RA,DEC,HostName,Obj. Type
SN2019nft,32.151611297999985,6.112209514099999,,
