Name,RA,DEC,HostName,Obj. Type
SN2021cac,148.772803447,-15.0093202197,,
