Name,RA,DEC,HostName,Obj. Type
SN2007st,27.17695800000001,-48.649389000000006,,
