Name,RA,DEC,HostName,Obj. Type
SN2024zvq,55.4296442857,-74.7579757143,,
