Name,RA,DEC,HostName,Obj. Type
SN2006X,185.724958,15.809193999999998,,
