Name,RA,DEC,HostName,Obj. Type
SN2022mxe,233.18919325000005,23.08641545,,
