Name,RA,DEC,HostName,Obj. Type
SN2016gdt,328.093975058,3.42186023308,,
