Name,RA,DEC,HostName,Obj. Type
SN2021qvv,187.01216999999997,9.80285,,
