Name,RA,DEC,HostName,Obj. Type
SN2021lxg,324.73114175556,34.205322844444,,
