Name,RA,DEC,HostName,Obj. Type
SN2020cvo,108.91970799999996,30.769419000000003,,
