Name,RA,DEC,HostName,Obj. Type
SN2024actb,100.037184316,-22.3128444662,,
