Name,RA,DEC,HostName,Obj. Type
SN2020uvg,16.5956133839,-20.613209012400006,,
