Name,RA,DEC,HostName,Obj. Type
SN2021gyh,195.9661099340001,-3.4517535774999986,,
