Name,RA,DEC,HostName,Obj. Type
SN2022sfg,44.682693799999996,9.9520444,,
