Name,RA,DEC,HostName,Obj. Type
SN2020cbf,230.71640807499998,38.4496064575,,
