Name,RA,DEC,HostName,Obj. Type
SN2021gel,186.634535203,31.4283941603,,
