Name,RA,DEC,HostName,Obj. Type
SN2022shv,272.8773471,36.17399590000001,,
