Name,RA,DEC,HostName,Obj. Type
SN2022rdt,5.185792566666666,28.421027799999997,,
