Name,RA,DEC,HostName,Obj. Type
SN2022rvb,290.8097173000001,41.936262199999994,,
