Name,RA,DEC,HostName,Obj. Type
SN2022rlq,270.8963691999999,41.62637473333334,,
