Name,RA,DEC,HostName,Obj. Type
SN2019bas,246.71545800000004,29.385699999999982,,
