Name,RA,DEC,HostName,Obj. Type
SN2007so,41.929708000000005,13.254110999999996,,
