Name,RA,DEC,HostName,Obj. Type
SN2022vrj,23.244689200000003,18.0761043,,
