Name,RA,DEC,HostName,Obj. Type
SN2022ablu,20.029487899999996,42.716813,,
