Name,RA,DEC,HostName,Obj. Type
SN2020kru,288.89959628799994,53.339304597199984,,
