Name,RA,DEC,HostName,Obj. Type
SN2005iq,359.6354170000001,-18.709167000000004,,
