Name,RA,DEC,HostName,Obj. Type
SN2023hwg,251.92315999999994,9.669922499999998,,
