Name,RA,DEC,HostName,Obj. Type
SN2022nag,271.25271699999996,9.479957999999998,,
