Name,RA,DEC,HostName,Obj. Type
SN2019gci,189.89819031400006,45.37714707420002,,
