Name,RA,DEC,HostName,Obj. Type
SN2024aedt,27.8924904387,8.25134563184,,
