Name,RA,DEC,HostName,Obj. Type
SN2020tzb,28.999297850699985,-2.3453790038699998,,
