Name,RA,DEC,HostName,Obj. Type
SN2022ihz,145.70093697619043,-3.60707146031746,,
