Name,RA,DEC,HostName,Obj. Type
SN2023omo,214.26159999999996,10.821959999999999,,
