Name,RA,DEC,HostName,Obj. Type
SN2019cdc,212.2047291699575,35.614277747065955,,
