Name,RA,DEC,HostName,Obj. Type
SN2022bsi,228.61520392495393,50.31702790669122,,
