Name,RA,DEC,HostName,Obj. Type
SN2024zct,59.0579557143,-31.0330428571,,
