Name,RA,DEC,HostName,Obj. Type
SN2006ev,322.7469169999999,13.989222000000002,,
