Name,RA,DEC,HostName,Obj. Type
SN2021cbx,109.80316700000002,56.53208900000002,,
