Name,RA,DEC,HostName,Obj. Type
SN2009le,32.321417,-23.412443999999997,,
