Name,RA,DEC,HostName,Obj. Type
SN2021ymj,257.9757525200001,34.15365123999998,,
