Name,RA,DEC,HostName,Obj. Type
SN2019be,195.0605165049023,27.95685205964055,,
