Name,RA,DEC,HostName,Obj. Type
SN2019mrj,236.67978999999985,28.197915000000012,,
