Name,RA,DEC,HostName,Obj. Type
SN2020tgi,34.38123972070001,10.547321055799998,,
