Name,RA,DEC,HostName,Obj. Type
SN2022rky,318.62123849999995,-9.047615899999997,,
