Name,RA,DEC,HostName,Obj. Type
SN2021vxp,55.72675806249999,46.028137024999985,,
