Name,RA,DEC,HostName,Obj. Type
SN2020wtq,18.2836039353,28.6770039274,,
