Name,RA,DEC,HostName,Obj. Type
SN2024ere,230.92152179999997,27.3953167,,
