Name,RA,DEC,HostName,Obj. Type
SN2024zls,11.668440000000002,-14.335360000000003,,
