Name,RA,DEC,HostName,Obj. Type
SN2020zpf,348.16868330300014,-11.933901540000003,,
