Name,RA,DEC,HostName,Obj. Type
SN2020ddk,93.24799580000001,48.15850030000001,,
