Name,RA,DEC,HostName,Obj. Type
SN2022ik,120.09906926300002,56.616561270100014,,
