Name,RA,DEC,HostName,Obj. Type
SN2020vas,343.29853832800006,11.113537932900002,,
