Name,RA,DEC,HostName,Obj. Type
SN2022sue,246.6309207,25.893321600000004,,
