Name,RA,DEC,HostName,Obj. Type
SN2022mvc,232.55228799999998,7.7653304,,
