Name,RA,DEC,HostName,Obj. Type
SN2021acaz,268.185280645,56.9330019771,,
