Name,RA,DEC,HostName,Obj. Type
SN2024luo,10.073999999999998,2.7566299999999995,,
