Name,RA,DEC,HostName,Obj. Type
SN2019dwz,238.67207250000007,-30.647209999999994,,
