Name,RA,DEC,HostName,Obj. Type
SN2021fxy,198.256542,-19.512549999999997,,
