Name,RA,DEC,HostName,Obj. Type
SN2021bjy,132.389292,50.867689000000006,,
