Name,RA,DEC,HostName,Obj. Type
SN2019wmx,42.69608299999999,33.51258899999999,,
