Name,RA,DEC,HostName,Obj. Type
SN2006ax,171.01441699999998,-12.291444000000002,,
