Name,RA,DEC,HostName,Obj. Type
SN2021ydu,37.16753000000001,-31.751646666699994,,
