Name,RA,DEC,HostName,Obj. Type
SN2020uzw,27.120525115800003,12.8961439663,,
