Name,RA,DEC,HostName,Obj. Type
SN2021zek,284.10641699999996,-16.182168999999995,,
