Name,RA,DEC,HostName,Obj. Type
SN2018ciw,224.8782900000003,28.183017142857167,,
