Name,RA,DEC,HostName,Obj. Type
SN2021feg,221.98885841600003,-22.188677666199993,,
