Name,RA,DEC,HostName,Obj. Type
SN2024acnr,201.683502447,16.8617973296,,
