Name,RA,DEC,HostName,Obj. Type
SN2020cvw,119.48295800000005,30.026938999999985,,
