Name,RA,DEC,HostName,Obj. Type
SN2025nn,109.413916845,43.817532949,,
