Name,RA,DEC,HostName,Obj. Type
SN2007A,6.319417,12.886806000000002,,
