Name,RA,DEC,HostName,Obj. Type
SN2007ba,229.17762499999995,7.396611000000004,,
