Name,RA,DEC,HostName,Obj. Type
SN2021qdi,173.654735455,5.31503363636,,
