Name,RA,DEC,HostName,Obj. Type
SN2020oms,324.54576238299995,6.741035204040002,,
