Name,RA,DEC,HostName,Obj. Type
SN2020wio,60.006137489700016,-24.6002298081,,
