Name,RA,DEC,HostName,Obj. Type
SN2019wfa,326.253583,9.123830999999997,,
