Name,RA,DEC,HostName,Obj. Type
SN2020dq,195.07902000000004,-33.62970000000001,,
