Name,RA,DEC,HostName,Obj. Type
SN2021zqs,45.880016653,27.6822076007,,
