Name,RA,DEC,HostName,Obj. Type
SN2022nab,279.7412142339999,48.38466874969998,,
