Name,RA,DEC,HostName,Obj. Type
SN2020cpn,107.88036714900004,58.951578912599985,,
