Name,RA,DEC,HostName,Obj. Type
SN2022ssj,4.8940327,-17.579480299999997,,
