Name,RA,DEC,HostName,Obj. Type
SN2023fot,185.448153902,10.5914186734,,
