Name,RA,DEC,HostName,Obj. Type
SN2021gjm,115.58841700000004,12.165780999999996,,
