Name,RA,DEC,HostName,Obj. Type
SN2021xoo,351.10125557221994,45.477214305556004,,
