Name,RA,DEC,HostName,Obj. Type
SN2006hx,18.488792000000007,0.3716669999999999,,
