Name,RA,DEC,HostName,Obj. Type
SN2021akx,208.22802333300004,-28.5677566667,,
