Name,RA,DEC,HostName,Obj. Type
SN2019vnk,60.181457189400014,-9.000479112380004,,
