Name,RA,DEC,HostName,Obj. Type
SN2021hlw,150.97594894000002,49.41953296999999,,
