Name,RA,DEC,HostName,Obj. Type
SN2025gr,239.431514212,27.4644645043,,
