Name,RA,DEC,HostName,Obj. Type
SN2020ysl,121.42533299999997,-9.814519000000004,,
