Name,RA,DEC,HostName,Obj. Type
SN2024yhg,31.631399999999992,29.997259999999997,,
