Name,RA,DEC,HostName,Obj. Type
SN2021dch,196.349005565,29.509629251399993,,
