Name,RA,DEC,HostName,Obj. Type
SN2024xez,32.5967434086,-17.9245320916,,
