Name,RA,DEC,HostName,Obj. Type
SN2021nyt,245.807574984,26.475942962799994,,
