Name,RA,DEC,HostName,Obj. Type
SN2007jd,44.972374999999985,1.1607220000000007,,
