Name,RA,DEC,HostName,Obj. Type
SN2019spa,47.134270945000004,-10.0407956601,,
