Name,RA,DEC,HostName,Obj. Type
SN2021wqc,36.60141699999999,-16.670519000000002,,
