Name,RA,DEC,HostName,Obj. Type
SN2022rjj,10.120125150000002,-9.62573915,,
