Name,RA,DEC,HostName,Obj. Type
SN2024nev,333.461141566,3.98402991356,,
