Name,RA,DEC,HostName,Obj. Type
SN2023sps,356.063375707,-23.5291395059,,
