Name,RA,DEC,HostName,Obj. Type
SN2021pzt,12.665502351,38.3215566076,,
