Name,RA,DEC,HostName,Obj. Type
SN2024ulb,20.954020000000003,-15.71025,,
