Name,RA,DEC,HostName,Obj. Type
SN2021bms,42.379875000000006,40.551069,,
