Name,RA,DEC,HostName,Obj. Type
SN2020rgz,273.00441700000005,51.724581000000015,,
