Name,RA,DEC,HostName,Obj. Type
SN2019luv,328.81251681818213,-12.148994393939349,,
