Name,RA,DEC,HostName,Obj. Type
SN2019bcw,191.33551979999996,42.0608683,,
