Name,RA,DEC,HostName,Obj. Type
SN2020tjo,355.58232734700005,-14.702922927499998,,
