Name,RA,DEC,HostName,Obj. Type
SN2019fcw,228.032700503,1.0604922562399999,,
