Name,RA,DEC,HostName,Obj. Type
SN2019huq,238.65853400000003,24.690822099999995,,
