Name,RA,DEC,HostName,Obj. Type
SN2020aar,32.40532557142898,15.29585495714301,,
