Name,RA,DEC,HostName,Obj. Type
SN2021xfo,41.97477333329999,-32.5704166667,,
