Name,RA,DEC,HostName,Obj. Type
SN2021lug,259.59640083157996,-0.38763241052632,,
