Name,RA,DEC,HostName,Obj. Type
SN2021ikn,118.83116700000004,41.144549999999995,,
