Name,RA,DEC,HostName,Obj. Type
SN2020ytj,346.01837500000005,20.284750000000003,,
