Name,RA,DEC,HostName,Obj. Type
SN2022mts,280.6807832999999,-22.078535600000006,,
