Name,RA,DEC,HostName,Obj. Type
SN2020cdm,188.75538693599998,-5.48857633754,,
