Name,RA,DEC,HostName,Obj. Type
SN2019be,195.06051492957778,27.95684506615452,,
