Name,RA,DEC,HostName,Obj. Type
SN2021caf,122.12955023332997,-17.249824944444,,
