Name,RA,DEC,HostName,Obj. Type
SN2007bm,171.25958299999994,-9.798277999999996,,
