Name,RA,DEC,HostName,Obj. Type
SN2020nvb,187.244917,3.5727809999999987,,
