Name,RA,DEC,HostName,Obj. Type
SN2020ecn,179.863879166667,-20.444791666666703,,
