Name,RA,DEC,HostName,Obj. Type
SN2019kai,359.56895799999995,27.946510999999994,,
