Name,RA,DEC,HostName,Obj. Type
SN2019kpv,356.77333300000004,-34.709739000000006,,
