Name,RA,DEC,HostName,Obj. Type
SN2020dko,204.98774724399996,0.8281899476640001,,
