Name,RA,DEC,HostName,Obj. Type
SN2021abpz,157.97975960000005,49.365513900000025,,
