Name,RA,DEC,HostName,Obj. Type
SN2019hvv,18.6016168137,-7.475391920409999,,
