Name,RA,DEC,HostName,Obj. Type
SN2019dwq,223.56512500000005,4.792988999999999,,
