Name,RA,DEC,HostName,Obj. Type
SN2005al,207.50137499999994,-30.57616700000001,,
