Name,RA,DEC,HostName,Obj. Type
SN2008hu,122.31150000000001,-18.653639,,
