Name,RA,DEC,HostName,Obj. Type
SN2020zhh,66.58267847030001,-10.0991275863,,
