Name,RA,DEC,HostName,Obj. Type
SN2020cxx,48.08175000000001,41.28225,,
