Name,RA,DEC,HostName,Obj. Type
SN2020npb,269.992583,44.86266899999999,,
