Name,RA,DEC,HostName,Obj. Type
SN2019fyi,215.321764828,35.5088184835,,
