Name,RA,DEC,HostName,Obj. Type
SN2018jag,15.951289809,10.5923271658,,
