Name,RA,DEC,HostName,Obj. Type
SN2021iaf,227.84383299999993,26.792261000000003,,
