Name,RA,DEC,HostName,Obj. Type
SN2016ije,29.626375,12.9244166666667,,
