Name,RA,DEC,HostName,Obj. Type
SN2019qeo,140.731292,54.028230999999984,,
