Name,RA,DEC,HostName,Obj. Type
SN2019iei,209.03002099999995,37.56434890000003,,
