Name,RA,DEC,HostName,Obj. Type
SN2019ywf,44.676166999999985,32.573011,,
