Name,RA,DEC,HostName,Obj. Type
SN2020til,341.78925332700004,-5.591427458570002,,
