Name,RA,DEC,HostName,Obj. Type
SN2005A,37.68020800000001,-2.938832999999999,,
