Name,RA,DEC,HostName,Obj. Type
SN2021lqy,139.367208,-9.813260999999999,,
