Name,RA,DEC,HostName,Obj. Type
SN2019hoc,259.103958,36.11411900000001,,
