Name,RA,DEC,HostName,Obj. Type
SN2019fdc,240.27767732899997,49.0097439736,,
