Name,RA,DEC,HostName,Obj. Type
SN2021hwq,212.39735713000002,11.153096924500003,,
