Name,RA,DEC,HostName,Obj. Type
SN2020ywy,15.1393817551,-1.6850012069999993,,
