Name,RA,DEC,HostName,Obj. Type
SN2024pft,198.145743333,-29.9653683333,,
