Name,RA,DEC,HostName,Obj. Type
SN2022klg,208.18270600000002,59.27858700000001,,
