Name,RA,DEC,HostName,Obj. Type
SN2019kcv,216.43574294615,-3.2330263076922985,,
