Name,RA,DEC,HostName,Obj. Type
SN2023fil,149.85006360000003,-5.3978355,,
