Name,RA,DEC,HostName,Obj. Type
SN2021mab,178.79438000000002,-7.843079999999999,,
