Name,RA,DEC,HostName,Obj. Type
SN2021biz,184.1448112,33.526531299999995,,
