Name,RA,DEC,HostName,Obj. Type
SN2020ygj,88.74909288210006,54.443793974500004,,
