Name,RA,DEC,HostName,Obj. Type
SN2009D,58.59512500000001,-19.181722000000004,,
