Name,RA,DEC,HostName,Obj. Type
SN2019zho,162.62198296667,8.898162433333297,,
