Name,RA,DEC,HostName,Obj. Type
SN2021agnf,97.9791843379,35.5566019315,,
