Name,RA,DEC,HostName,Obj. Type
SN2008R,45.97375000000001,-11.994277999999996,,
