Name,RA,DEC,HostName,Obj. Type
SN2022qye,323.383667,28.812618999999998,,
