Name,RA,DEC,HostName,Obj. Type
SN2022rmp,111.79350120000001,33.835096400000005,,
