Name,RA,DEC,HostName,Obj. Type
SN2007bc,169.81070800000006,20.809028000000012,,
