Name,RA,DEC,HostName,Obj. Type
SN2009ag,107.92004199999998,-26.685083000000002,,
