Name,RA,DEC,HostName,Obj. Type
SN2022szq,246.3796677999999,29.398155700000007,,
