Name,RA,DEC,HostName,Obj. Type
SN2020kkc,218.84606862200005,-13.654084992099998,,
