Name,RA,DEC,HostName,Obj. Type
SN2020urj,121.653625,10.457411000000006,,
