Name,RA,DEC,HostName,Obj. Type
SN2020rlj,345.2900595609999,23.487222753800005,,
