Name,RA,DEC,HostName,Obj. Type
SN2020dxr,176.10618918199998,53.5715556249,,
