Name,RA,DEC,HostName,Obj. Type
SN2020ayh,290.28400000000005,43.328669,,
