Name,RA,DEC,HostName,Obj. Type
SN2020tug,359.866168993,17.865214074600004,,
