Name,RA,DEC,HostName,Obj. Type
SN2025afx,104.816070769,-45.9066061538,,
