Name,RA,DEC,HostName,Obj. Type
SN2022ruh,44.342537500000006,10.325315000000003,,
