Name,RA,DEC,HostName,Obj. Type
SN2023fwb,320.91414586015736,39.58093331187411,,
