Name,RA,DEC,HostName,Obj. Type
SN2018hkw,39.5950380769,-11.7389523077,,
