Name,RA,DEC,HostName,Obj. Type
SN2021ymm,78.78752324444399,-16.027569955556,,
