Name,RA,DEC,HostName,Obj. Type
SN2025R,56.4658410526,-80.1498984211,,
