Name,RA,DEC,HostName,Obj. Type
SN2021llv,212.95670506400003,18.0085719096,,
